{"cameraMode":{"drawMode":0,"name":"Shaded","section":"Shading Mode"},"sceneLighting":true,"audioPlay":false,"sceneViewState":{"showFog":true,"showMaterialUpdate":false,"showSkybox":true,"showFlares":true,"showImageEffects":true,"showParticleSystems":true},"in2DMode":false,"pivot":{"x":-1.3336842060089112,"y":-0.3249521255493164,"z":6.049715995788574},"rotation":{"x":0.21221153438091279,"y":-0.17711655795574189,"z":0.03914078325033188,"w":0.9602475166320801},"size":6.365990161895752,"orthographic":false}